Time[s], Lat[deg], Lon[deg], he[m], vx[ms], vy[ms], vz[ms]
1497933721.0, 52.5452300, 13.3542200, 57.6, 0.000, -0.000, -0.100
1497933722.1, 52.5452300, 13.3542200, 57.5, -0.000, -0.000, -0.100
1497933723.1, 52.5452317, 13.3542200, 57.4, -0.000, 0.000, -0.100
1497933724.1, 52.5452317, 13.3542200, 57.3, -0.000, 0.000, -0.100
1497933725.1, 52.5452317, 13.3542217, 57.2, 0.000, 0.000, -0.100
1497933726.1, 52.5452333, 13.3542200, 57.2, -0.000, -0.000, 0.000
1497933727.1, 52.5452333, 13.3542200, 57.1, -0.000, 0.000, -0.100
1497933728.1, 52.5452333, 13.3542217, 57.0, -0.000, -0.000, -0.100
1497933729.1, 52.5452350, 13.3542217, 56.9, 0.000, -0.000, -0.100
1497933730.1, 52.5452350, 13.3542217, 56.9, -0.000, -0.000, 0.000
1497933731.1, 52.5452350, 13.3542217, 56.9, -0.000, 0.000, 0.000
1497933732.1, 52.5452350, 13.3542217, 56.9, 0.000, -0.000, 0.000
1497933733.1, 52.5452350, 13.3542217, 56.9, 0.000, -0.000, 0.000
1497933734.1, 52.5452350, 13.3542217, 56.9, -0.000, -0.000, 0.000
1497933735.1, 52.5452350, 13.3542217, 56.9, 0.000, 0.000, 0.000
1497933736.1, 52.5452350, 13.3542217, 56.9, 0.000, -0.000, 0.000
1497933737.1, 52.5452350, 13.3542217, 56.9, -0.000, -0.000, 0.000
1497933738.1, 52.5452350, 13.3542217, 56.9, 0.000, 0.000, 0.000
1497933739.1, 52.5452350, 13.3542217, 56.9, 0.000, 0.000, 0.000
1497933740.1, 52.5452350, 13.3542217, 56.9, -0.000, -0.000, 0.000
1497933741.1, 52.5452350, 13.3542217, 56.9, -0.000, 0.000, 0.000
1497933742.1, 52.5452350, 13.3542217, 56.9, -0.000, 0.000, 0.000
1497933743.1, 52.5452350, 13.3542217, 56.9, -0.000, -0.000, 0.000
1497933744.2, 52.5452350, 13.3542217, 56.9, 0.000, -0.000, 0.000
1497933745.2, 52.5452350, 13.3542217, 56.9, -0.000, 0.000, 0.000
1497933746.2, 52.5452350, 13.3542217, 56.9, -0.000, -0.000, 0.000
1497933747.2, 52.5452350, 13.3542217, 56.9, -0.000, -0.000, 0.000
1497933748.2, 52.5452350, 13.3542217, 56.9, 0.000, -0.000, 0.000
1497933749.2, 52.5452350, 13.3542217, 56.9, 0.000, 0.000, 0.000
1497933750.2, 52.5452350, 13.3542217, 56.9, -0.000, -0.000, 0.000
1497933751.2, 52.5452350, 13.3542217, 56.9, 0.000, -0.000, 0.000
1497933752.2, 52.5452350, 13.3542217, 56.9, -0.000, 0.000, 0.000
1497933753.2, 52.5452350, 13.3542217, 56.9, 0.000, -0.000, 0.000
1497933754.2, 52.5452350, 13.3542217, 56.9, 0.000, 0.000, 0.000
1497933755.2, 52.5452350, 13.3542217, 56.9, -0.000, -0.000, 0.000
1497933756.2, 52.5452350, 13.3542217, 56.9, -0.000, -0.000, 0.000
1497933757.2, 52.5452350, 13.3542217, 56.9, 0.000, 0.000, 0.000
1497933758.2, 52.5452350, 13.3542217, 56.9, 0.000, 0.000, 0.000
1497933759.2, 52.5452350, 13.3542217, 56.9, -0.000, -0.000, 0.000
1497933760.2, 52.5452350, 13.3542217, 56.9, 0.000, 0.000, 0.000
1497933761.2, 52.5452350, 13.3542217, 56.9, -0.000, 0.000, 0.000
1497933762.2, 52.5452350, 13.3542217, 56.9, 0.000, 0.000, 0.000
1497933763.2, 52.5452350, 13.3542217, 56.9, 0.000, 0.000, 0.000
1497933764.2, 52.5452350, 13.3542217, 56.9, 0.000, 0.000, 0.000
1497933765.2, 52.5452350, 13.3542217, 56.9, -0.000, 0.000, 0.000
1497933766.3, 52.5452350, 13.3542217, 56.9, 0.000, 0.000, 0.000
1497933767.3, 52.5452350, 13.3542217, 56.9, 0.000, 0.000, 0.000
1497933768.3, 52.5452350, 13.3542217, 56.9, -0.000, -0.000, 0.000
1497933769.3, 52.5452350, 13.3542217, 56.9, 0.000, 0.000, 0.000
1497933770.3, 52.5452350, 13.3542217, 56.9, -0.000, 0.000, 0.000
1497933771.3, 52.5452350, 13.3542217, 56.9, 0.000, -0.000, 0.000
1497933772.3, 52.5452350, 13.3542217, 56.9, 0.000, -0.000, 0.000
1497933773.3, 52.5452350, 13.3542217, 56.9, -0.000, 0.000, 0.000
1497933774.3, 52.5452350, 13.3542217, 56.9, 0.000, -0.000, 0.000
1497933775.3, 52.5452350, 13.3542233, 56.9, -0.000, 0.000, 0.000
1497933776.3, 52.5452350, 13.3542233, 56.9, 0.000, 0.000, 0.000
1497933777.3, 52.5452367, 13.3542250, 56.9, 0.000, 0.000, 0.000
1497933778.3, 52.5452367, 13.3542250, 56.9, -0.000, 0.000, 0.000
1497933779.3, 52.5452367, 13.3542250, 56.9, 0.000, 0.000, 0.000
1497933780.3, 52.5452367, 13.3542250, 56.9, 0.000, -0.000, 0.000
1497933781.3, 52.5452367, 13.3542267, 56.9, -0.000, -0.000, 0.000
1497933782.3, 52.5452367, 13.3542283, 56.9, -0.000, -0.000, 0.000
1497933783.3, 52.5452367, 13.3542283, 56.9, -0.000, 0.000, 0.000
1497933784.3, 52.5452367, 13.3542283, 56.9, -0.000, -0.000, 0.000
1497933785.3, 52.5452367, 13.3542283, 56.8, -0.000, -0.000, -0.100
1497933786.3, 52.5452367, 13.3542300, 56.8, -0.000, -0.000, 0.000
1497933787.4, 52.5452367, 13.3542300, 56.7, 0.000, 0.000, -0.100
1497933788.4, 52.5452367, 13.3542300, 56.7, -0.000, -0.000, 0.000
1497933789.4, 52.5452367, 13.3542300, 56.7, 0.000, -0.000, 0.000
1497933790.4, 52.5452367, 13.3542300, 56.7, -0.000, -0.000, 0.000
1497933791.4, 52.5452367, 13.3542300, 56.7, -0.000, -0.000, 0.000
1497933792.4, 52.5452367, 13.3542300, 56.7, -0.000, 0.000, 0.000
1497933793.4, 52.5452367, 13.3542300, 56.6, 0.000, 0.000, -0.100
1497933794.4, 52.5452350, 13.3542300, 56.6, -0.000, 0.000, 0.000
1497933795.4, 52.5452350, 13.3542300, 56.5, -0.000, 0.000, -0.100
1497933796.4, 52.5452350, 13.3542317, 56.5, 0.000, -0.000, 0.000
1497933797.4, 52.5452350, 13.3542317, 56.4, 0.000, -0.000, -0.100
1497933798.4, 52.5452350, 13.3542317, 56.4, 0.000, 0.000, 0.000
1497933799.4, 52.5452350, 13.3542317, 56.3, 0.000, -0.000, -0.100
1497933800.4, 52.5452350, 13.3542317, 56.8, -0.000, 0.000, 0.500
1497933801.4, 52.5452350, 13.3542283, 56.7, 0.000, -0.000, -0.100
1497933802.4, 52.5452350, 13.3542283, 56.8, 0.000, -0.000, 0.100
1497933803.4, 52.5452367, 13.3542300, 56.5, 0.000, 0.000, -0.300
1497933804.4, 52.5452367, 13.3542300, 56.5, 0.000, 0.000, 0.000
1497933805.4, 52.5452350, 13.3542300, 56.5, 0.000, 0.000, 0.000
1497933806.4, 52.5452350, 13.3542317, 56.4, 0.000, 0.000, -0.100
1497933807.4, 52.5452333, 13.3542300, 56.3, 0.000, 0.000, -0.100
1497933808.5, 52.5452333, 13.3542317, 56.3, -0.000, 0.000, 0.000
1497933809.5, 52.5452333, 13.3542317, 56.2, 0.000, -0.000, -0.100
1497933810.5, 52.5452333, 13.3542317, 56.3, -0.000, -0.000, 0.100
1497933811.5, 52.5452333, 13.3542317, 56.3, 0.000, -0.000, 0.000
1497933812.5, 52.5452333, 13.3542317, 56.2, -0.000, 0.000, -0.100
1497933813.5, 52.5452317, 13.3542317, 56.2, 0.000, 0.000, 0.000
1497933814.5, 52.5452317, 13.3542317, 56.1, -0.000, -0.000, -0.100
1497933815.5, 52.5452317, 13.3542333, 56.1, -0.000, 0.000, 0.000
1497933816.5, 52.5452317, 13.3542333, 56.1, 0.000, -0.000, 0.000
1497933817.5, 52.5452317, 13.3542333, 56.1, -0.000, 0.000, 0.000
1497933818.5, 52.5452317, 13.3542333, 56.1, -0.000, -0.000, 0.000
1497933819.5, 52.5452317, 13.3542333, 56.1, 0.000, -0.000, 0.000
1497933820.5, 52.5452317, 13.3542333, 56.1, -0.000, 0.000, 0.000
1497933821.5, 52.5452317, 13.3542333, 56.1, 0.000, -0.000, 0.000
1497933822.5, 52.5452317, 13.3542333, 56.1, 0.000, 0.000, 0.000
1497933823.5, 52.5452317, 13.3542333, 56.1, -0.000, 0.000, 0.000
1497933824.5, 52.5452317, 13.3542333, 56.1, 0.000, 0.000, 0.000
1497933825.5, 52.5452317, 13.3542333, 56.1, 0.000, -0.000, 0.000
1497933826.5, 52.5452317, 13.3542333, 56.1, -0.000, -0.000, 0.000
1497933827.5, 52.5452317, 13.3542333, 56.1, 0.000, -0.000, 0.000
1497933828.5, 52.5452317, 13.3542333, 56.1, 0.000, 0.000, 0.000
1497933829.5, 52.5452317, 13.3542333, 56.1, -0.000, 0.000, 0.000
1497933830.6, 52.5452317, 13.3542333, 56.1, 0.000, -0.000, 0.000
1497933831.6, 52.5452317, 13.3542333, 56.1, 0.000, -0.000, 0.000
1497933832.6, 52.5452317, 13.3542333, 56.1, -0.000, 0.000, 0.000
1497933833.6, 52.5452317, 13.3542333, 56.1, -0.000, 0.000, 0.000
1497933834.6, 52.5452317, 13.3542333, 56.1, -0.000, 0.000, 0.000
1497933835.6, 52.5452317, 13.3542333, 56.1, -0.000, 0.000, 0.000
1497933836.6, 52.5452317, 13.3542333, 56.1, -0.000, -0.000, 0.000
1497933837.6, 52.5452317, 13.3542333, 56.1, -0.000, 0.000, 0.000
1497933838.6, 52.5452317, 13.3542333, 56.1, 0.000, -0.000, 0.000
1497933839.6, 52.5452317, 13.3542333, 56.1, -0.000, 0.000, 0.000
1497933841.6, 52.5452317, 13.3542333, 56.1, -0.000, -0.000, 0.000
1497933842.6, 52.5452317, 13.3542333, 56.1, 0.000, 0.000, 0.000
1497933854.7, 52.5452317, 13.3542333, 56.1, -0.000, 0.000, 0.000
1497933873.7, 52.5452317, 13.3542333, 56.2, -0.000, -0.000, 0.000
1497933879.8, 52.5452317, 13.3542333, 56.2, -0.000, -0.000, 0.000
1497933880.8, 52.5452317, 13.3542333, 56.2, -0.000, -0.000, 0.000
1497933885.8, 52.5452317, 13.3542333, 56.2, -0.000, 0.000, 0.000
1497933887.8, 52.5452317, 13.3542333, 56.2, 0.000, 0.000, 0.000
1497933888.8, 52.5452317, 13.3542333, 56.2, -0.000, 0.000, 0.000
1497933889.8, 52.5452317, 13.3542333, 56.2, 0.000, 0.000, 0.000
1497933890.8, 52.5452317, 13.3542333, 56.2, 0.000, 0.000, 0.000
1497933892.8, 52.5452317, 13.3542333, 56.2, 0.000, -0.000, 0.000
1497933893.8, 52.5452317, 13.3542333, 56.2, 0.000, -0.000, 0.000
1497933894.8, 52.5452317, 13.3542333, 56.2, -0.000, 0.000, 0.000
1497933895.8, 52.5452317, 13.3542333, 56.2, 0.000, -0.000, 0.000
1497933897.8, 52.5452317, 13.3542333, 56.2, -0.000, 0.000, 0.000
1497933898.8, 52.5452317, 13.3542333, 56.2, 0.000, 0.000, 0.000
1497933899.8, 52.5452317, 13.3542333, 56.2, 0.000, 0.000, 0.000
1497933900.8, 52.5452317, 13.3542333, 56.3, -0.000, 0.000, 0.100
1497933902.9, 52.5452317, 13.3542333, 56.3, 0.000, 0.000, 0.000
1497933903.9, 52.5452317, 13.3542333, 56.3, 0.000, 0.000, 0.000
1497933904.9, 52.5452317, 13.3542333, 56.3, 0.000, 0.000, 0.000
1497933905.9, 52.5452317, 13.3542333, 56.3, -0.000, 0.000, 0.000
1497933907.9, 52.5452317, 13.3542333, 56.3, -0.000, 0.000, 0.000
1497933908.9, 52.5452317, 13.3542333, 56.3, 0.000, -0.000, 0.000
1497933909.9, 52.5452317, 13.3542333, 56.3, -0.000, -0.000, 0.000
1497933910.9, 52.5452317, 13.3542333, 56.3, 0.000, 0.000, 0.000
1497933912.9, 52.5452317, 13.3542333, 56.3, 0.000, 0.000, 0.000
1497933913.9, 52.5452317, 13.3542333, 56.3, -0.000, 0.000, 0.000
1497933914.9, 52.5452317, 13.3542333, 56.3, 0.000, -0.000, 0.000
1497933915.9, 52.5452317, 13.3542333, 56.3, -0.000, 0.000, 0.000
1497933917.9, 52.5452317, 13.3542333, 56.3, 0.000, 0.000, 0.000
1497933918.9, 52.5452317, 13.3542333, 56.3, 0.000, 0.000, 0.000
1497933919.9, 52.5452317, 13.3542333, 56.3, -0.000, 0.000, 0.000
1497933920.9, 52.5452317, 13.3542333, 56.3, 0.000, 0.000, 0.000
1497933922.9, 52.5452317, 13.3542333, 56.3, -0.000, -0.000, 0.000
1497933923.9, 52.5452317, 13.3542333, 56.3, 0.000, -0.000, 0.000
1497933924.9, 52.5452317, 13.3542333, 56.3, -0.000, -0.000, 0.000
1497933926.0, 52.5452317, 13.3542333, 56.3, -0.000, 0.000, 0.000
1497933928.0, 52.5452317, 13.3542333, 56.3, 0.000, 0.000, 0.000
1497933929.0, 52.5452317, 13.3542333, 56.3, 0.000, 0.000, 0.000
1497933930.0, 52.5452317, 13.3542333, 56.3, -0.000, 0.000, 0.000
1497933931.0, 52.5452317, 13.3542333, 56.3, 0.000, 0.000, 0.000
1497933932.0, 52.5452317, 13.3542333, 56.3, -0.000, 0.000, 0.000
1497933933.0, 52.5452317, 13.3542333, 56.3, 0.000, 0.000, 0.000
1497933934.0, 52.5452317, 13.3542333, 56.3, -0.000, -0.000, 0.000
1497933935.0, 52.5452317, 13.3542333, 56.3, -0.000, -0.000, 0.000
1497933936.0, 52.5452317, 13.3542333, 56.3, -0.000, -0.000, 0.000
1497933937.0, 52.5452317, 13.3542333, 56.3, -0.000, -0.000, 0.000
1497933938.0, 52.5452317, 13.3542333, 56.3, -0.000, -0.000, 0.000
1497933939.0, 52.5452317, 13.3542333, 56.4, -0.000, -0.000, 0.100
1497933940.0, 52.5452317, 13.3542333, 56.4, 0.000, 0.000, 0.000
1497933941.0, 52.5452317, 13.3542333, 56.4, -0.000, 0.000, 0.000
1497933942.0, 52.5452317, 13.3542333, 56.4, 0.000, 0.000, 0.000
1497933943.0, 52.5452317, 13.3542333, 56.4, -0.000, 0.000, 0.000
1497933944.0, 52.5452317, 13.3542333, 56.4, 0.000, 0.000, 0.000
1497933945.0, 52.5452317, 13.3542333, 56.4, -0.000, 0.000, 0.000
1497933946.0, 52.5452317, 13.3542333, 56.4, -0.000, -0.000, 0.000
1497933947.0, 52.5452317, 13.3542333, 56.4, -0.000, -0.000, 0.000
1497933948.1, 52.5452317, 13.3542333, 56.4, -0.000, -0.000, 0.000
1497933949.1, 52.5452317, 13.3542333, 56.4, -0.000, -0.000, 0.000
1497933950.1, 52.5452317, 13.3542333, 56.4, 0.000, -0.000, 0.000
1497933951.1, 52.5452317, 13.3542333, 56.4, 0.000, -0.000, 0.000
1497933952.1, 52.5452317, 13.3542333, 56.4, -0.000, 0.000, 0.000
1497933953.1, 52.5452317, 13.3542333, 56.4, -0.000, 0.000, 0.000
1497933954.1, 52.5452317, 13.3542333, 56.4, -0.000, -0.000, 0.000
1497933955.1, 52.5452317, 13.3542333, 56.4, 0.000, 0.000, 0.000
1497933956.1, 52.5452317, 13.3542333, 56.4, -0.000, 0.000, 0.000
1497933957.1, 52.5452317, 13.3542333, 56.4, 0.000, 0.000, 0.000
1497933958.1, 52.5452317, 13.3542333, 56.4, -0.000, -0.000, 0.000
1497933959.1, 52.5452317, 13.3542333, 56.4, -0.000, -0.000, 0.000
1497933960.1, 52.5452317, 13.3542333, 56.4, 0.000, -0.000, 0.000
1497933961.1, 52.5452317, 13.3542333, 56.4, -0.000, 0.000, 0.000
1497933962.1, 52.5452317, 13.3542333, 56.4, 0.000, -0.000, 0.000
1497933963.1, 52.5452317, 13.3542333, 56.4, -0.000, 0.000, 0.000
1497933964.1, 52.5452317, 13.3542333, 56.4, -0.000, 0.000, 0.000
1497933965.1, 52.5452317, 13.3542333, 56.4, 0.000, -0.000, 0.000
1497933966.1, 52.5452317, 13.3542333, 56.4, 0.000, -0.000, 0.000
1497933967.1, 52.5452317, 13.3542333, 56.4, -0.000, 0.000, 0.000
1497933968.1, 52.5452317, 13.3542333, 56.4, 0.000, 0.000, 0.000
1497933969.2, 52.5452317, 13.3542333, 56.4, 0.000, 0.000, 0.000
1497933970.2, 52.5452317, 13.3542333, 56.4, -0.000, -0.000, 0.000
1497933971.2, 52.5452317, 13.3542333, 56.4, -0.000, -0.000, 0.000
1497933972.2, 52.5452317, 13.3542333, 56.4, 0.000, -0.000, 0.000
1497933973.2, 52.5452317, 13.3542333, 56.4, -0.000, -0.000, 0.000
1497933974.2, 52.5452317, 13.3542333, 56.4, -0.000, -0.000, 0.000
1497933975.2, 52.5452317, 13.3542333, 56.5, 0.000, -0.000, 0.100
1497933976.2, 52.5452317, 13.3542333, 56.5, 0.000, 0.000, 0.000
1497933977.2, 52.5452317, 13.3542333, 56.5, -0.000, 0.000, 0.000
1497933978.2, 52.5452317, 13.3542333, 56.5, -0.000, 0.000, 0.000
1497933979.2, 52.5452317, 13.3542333, 56.5, -0.000, 0.000, 0.000
1497933980.2, 52.5452317, 13.3542333, 56.5, 0.000, 0.000, 0.000
1497933981.2, 52.5452317, 13.3542333, 56.5, -0.000, 0.000, 0.000
1497933982.2, 52.5452317, 13.3542333, 56.5, -0.000, 0.000, 0.000
1497933983.2, 52.5452317, 13.3542333, 56.5, -0.000, -0.000, 0.000
1497933984.2, 52.5452317, 13.3542333, 56.5, -0.000, 0.000, 0.000
1497933985.2, 52.5452317, 13.3542333, 56.5, 0.000, 0.000, 0.000
1497933986.2, 52.5452317, 13.3542333, 56.5, 0.000, 0.000, 0.000
1497933987.2, 52.5452317, 13.3542333, 56.5, -0.000, 0.000, 0.000
1497933988.2, 52.5452317, 13.3542333, 56.5, -0.000, -0.000, 0.000
1497933989.2, 52.5452317, 13.3542333, 56.5, 0.000, 0.000, 0.000
1497933990.2, 52.5452317, 13.3542333, 56.5, 0.000, 0.000, 0.000
1497933991.2, 52.5452317, 13.3542333, 56.5, 0.000, 0.000, 0.000
1497933992.2, 52.5452317, 13.3542333, 56.5, 0.000, -0.000, 0.000
1497933993.3, 52.5452317, 13.3542333, 56.5, -0.000, 0.000, 0.000
1497933994.3, 52.5452317, 13.3542333, 56.5, -0.000, 0.000, 0.000
1497933995.3, 52.5452317, 13.3542333, 56.5, 0.000, 0.000, 0.000
1497933996.3, 52.5452317, 13.3542333, 56.5, 0.000, 0.000, 0.000
1497933997.3, 52.5452317, 13.3542333, 56.5, -0.000, 0.000, 0.000
1497933998.3, 52.5452317, 13.3542333, 56.5, -0.000, 0.000, 0.000
1497933999.3, 52.5452317, 13.3542333, 56.5, 0.000, -0.000, 0.000
1497934000.3, 52.5452317, 13.3542333, 56.5, -0.000, -0.000, 0.000
1497934001.3, 52.5452317, 13.3542333, 56.5, 0.000, -0.000, 0.000
1497934002.3, 52.5452317, 13.3542333, 56.6, -0.000, -0.000, 0.100
1497934003.3, 52.5452317, 13.3542333, 56.6, -0.000, -0.000, 0.000
1497934004.3, 52.5452317, 13.3542333, 56.6, -0.000, -0.000, 0.000
1497934005.3, 52.5452317, 13.3542333, 56.6, 0.000, -0.000, 0.000
1497934006.3, 52.5452317, 13.3542333, 56.6, 0.000, 0.000, 0.000
1497934007.3, 52.5452317, 13.3542333, 56.6, -0.000, 0.000, 0.000
1497934008.3, 52.5452317, 13.3542333, 56.6, -0.000, 0.000, 0.000
1497934009.3, 52.5452317, 13.3542333, 56.6, -0.000, 0.000, 0.000
1497934010.3, 52.5452317, 13.3542333, 56.6, 0.000, 0.000, 0.000
1497934011.3, 52.5452317, 13.3542333, 56.6, -0.000, 0.000, 0.000
1497934012.3, 52.5452317, 13.3542333, 56.6, -0.000, 0.000, 0.000
1497934013.3, 52.5452317, 13.3542333, 56.6, -0.000, -0.000, 0.000
1497934014.3, 52.5452317, 13.3542333, 56.6, 0.000, -0.000, 0.000
1497934015.3, 52.5452317, 13.3542333, 56.6, 0.000, -0.000, 0.000
1497934016.3, 52.5452317, 13.3542333, 56.6, -0.000, -0.000, 0.000
1497934017.3, 52.5452317, 13.3542333, 56.6, -0.000, -0.000, 0.000
1497934018.4, 52.5452317, 13.3542333, 56.6, 0.000, -0.000, 0.000
1497934019.4, 52.5452317, 13.3542333, 56.6, -0.000, 0.000, 0.000
1497934020.4, 52.5452317, 13.3542333, 56.6, -0.000, 0.000, 0.000
1497934021.4, 52.5452317, 13.3542333, 56.6, 0.000, 0.000, 0.000
1497934022.4, 52.5452317, 13.3542333, 56.6, -0.000, 0.000, 0.000
1497934023.4, 52.5452317, 13.3542333, 56.6, -0.000, 0.000, 0.000
1497934024.4, 52.5452317, 13.3542333, 56.6, -0.000, 0.000, 0.000
1497934025.4, 52.5452317, 13.3542333, 56.6, 0.000, -0.000, 0.000
1497934026.4, 52.5452317, 13.3542333, 56.6, 0.000, -0.000, 0.000
1497934027.4, 52.5452317, 13.3542333, 56.6, -0.000, -0.000, 0.000
1497934028.4, 52.5452317, 13.3542333, 56.6, 0.000, -0.000, 0.000
1497934029.4, 52.5452317, 13.3542333, 56.6, 0.000, 0.000, 0.000
1497934030.4, 52.5452317, 13.3542333, 56.6, -0.000, -0.000, 0.000
1497934031.4, 52.5452317, 13.3542333, 56.6, -0.000, 0.000, 0.000
1497934032.4, 52.5452317, 13.3542333, 56.6, -0.000, 0.000, 0.000
1497934033.4, 52.5452317, 13.3542333, 56.6, -0.000, 0.000, 0.000
1497934034.4, 52.5452317, 13.3542333, 56.6, 0.000, -0.000, 0.000
1497934035.4, 52.5452317, 13.3542333, 56.6, -0.000, -0.000, 0.000
1497934036.4, 52.5452317, 13.3542333, 56.6, -0.000, 0.000, 0.000
1497934037.4, 52.5452317, 13.3542333, 56.6, 0.000, 0.000, 0.000
1497934038.4, 52.5452317, 13.3542333, 56.6, -0.000, -0.000, 0.000
1497934039.4, 52.5452317, 13.3542333, 56.6, -0.000, -0.000, 0.000
1497934040.4, 52.5452317, 13.3542333, 56.6, -0.000, 0.000, 0.000
1497934041.4, 52.5452317, 13.3542333, 56.6, -0.000, 0.000, 0.000
1497934042.5, 52.5452300, 13.3542350, 56.1, -0.000, 0.000, -0.500
1497934043.5, 52.5452283, 13.3542367, 55.8, -0.000, 0.000, -0.300
1497934044.5, 52.5452267, 13.3542383, 55.6, -0.000, 0.000, -0.200
1497934045.5, 52.5452250, 13.3542400, 55.4, -0.000, 0.000, -0.200
1497934046.5, 52.5452250, 13.3542400, 55.1, -0.000, 0.000, -0.300
1497934047.5, 52.5452233, 13.3542417, 54.9, -0.000, 0.000, -0.200
1497934048.5, 52.5452217, 13.3542417, 54.7, -0.000, -0.000, -0.200
1497934049.5, 52.5452217, 13.3542417, 54.6, -0.000, -0.000, -0.100
1497934050.5, 52.5452217, 13.3542417, 54.6, -0.000, -0.000, 0.000
1497934051.5, 52.5452217, 13.3542417, 54.5, -0.000, 0.000, -0.100
1497934052.5, 52.5452200, 13.3542417, 54.4, -0.000, -0.000, -0.100
1497934053.5, 52.5452200, 13.3542417, 54.4, -0.000, 0.000, 0.000
1497934054.5, 52.5452200, 13.3542417, 54.4, -0.000, 0.000, 0.000
1497934055.5, 52.5452200, 13.3542417, 54.3, -0.000, 0.000, -0.100
1497934056.5, 52.5452200, 13.3542417, 54.3, -0.000, 0.000, 0.000
1497934057.5, 52.5452200, 13.3542417, 54.3, -0.000, 0.000, 0.000
1497934058.5, 52.5452200, 13.3542417, 54.3, -0.000, 0.000, 0.000
1497934059.5, 52.5452200, 13.3542417, 54.2, -0.000, 0.000, -0.100
1497934060.5, 52.5452200, 13.3542417, 54.2, -0.000, 0.000, 0.000
1497934061.5, 52.5452200, 13.3542417, 54.2, -0.000, 0.000, 0.000
1497934062.5, 52.5452200, 13.3542417, 54.2, -0.000, -0.000, 0.000
1497934063.5, 52.5452200, 13.3542417, 54.2, -0.000, -0.000, 0.000
1497934064.5, 52.5452183, 13.3542417, 54.2, -0.000, -0.000, 0.000
1497934065.6, 52.5452183, 13.3542417, 54.1, -0.000, -0.000, -0.100
1497934066.6, 52.5452183, 13.3542417, 54.1, -0.000, -0.000, 0.000
1497934067.6, 52.5452183, 13.3542417, 54.1, -0.000, -0.000, 0.000
1497934068.6, 52.5452183, 13.3542417, 54.1, -0.000, -0.000, 0.000
1497934069.6, 52.5452183, 13.3542400, 54.1, 0.000, 0.000, 0.000
1497934070.6, 52.5452183, 13.3542400, 54.1, 0.000, 0.000, 0.000
1497934071.6, 52.5452183, 13.3542400, 54.1, -0.000, 0.000, 0.000
1497934072.6, 52.5452183, 13.3542400, 54.2, 0.000, 0.000, 0.100
1497934074.6, 52.5452183, 13.3542400, 54.2, 0.000, -0.000, 0.000
1497934075.6, 52.5452183, 13.3542400, 54.2, -0.000, -0.000, 0.000
1497934076.6, 52.5452183, 13.3542400, 54.2, 0.000, -0.000, 0.000
1497934084.6, 52.5452183, 13.3542400, 54.2, -0.000, 0.000, 0.000
1497934086.6, 52.5452183, 13.3542400, 54.2, -0.000, -0.000, 0.000
1497934109.7, 52.5452183, 13.3542400, 54.2, -0.000, -0.000, 0.000
1497934112.7, 52.5452183, 13.3542400, 54.2, -0.000, 0.000, 0.000
1497934113.7, 52.5452183, 13.3542383, 54.3, 0.000, 0.000, 0.100
1497934118.8, 52.5452183, 13.3542333, 54.8, 0.000, 0.000, 0.000
1497934120.8, 52.5452183, 13.3542317, 55.0, -0.000, -0.000, 0.100
1497934122.8, 52.5452167, 13.3542300, 55.1, -0.000, -0.000, 0.100
1497934123.8, 52.5452167, 13.3542300, 55.1, -0.000, -0.000, 0.000
1497934124.8, 52.5452167, 13.3542283, 55.2, 0.000, 0.000, 0.100
1497934125.8, 52.5452167, 13.3542283, 55.3, -0.000, -0.000, 0.100
1497934127.8, 52.5452167, 13.3542283, 55.4, 0.000, 0.000, 0.100
1497934128.8, 52.5452150, 13.3542283, 55.4, 0.000, 0.000, 0.000
1497934129.8, 52.5452150, 13.3542267, 55.4, -0.000, 0.000, 0.000
1497934130.8, 52.5452150, 13.3542267, 55.4, 0.000, 0.000, 0.000
1497934132.8, 52.5452150, 13.3542267, 55.4, -0.000, 0.000, 0.000
1497934133.8, 52.5452150, 13.3542267, 55.4, 0.000, 0.000, 0.000
1497934134.8, 52.5452150, 13.3542267, 55.4, -0.000, 0.000, 0.000
1497934135.8, 52.5452150, 13.3542267, 55.4, 0.000, 0.000, 0.000
1497934137.8, 52.5452150, 13.3542267, 55.4, -0.000, 0.000, 0.000
1497934138.8, 52.5452150, 13.3542267, 55.4, 0.000, 0.000, 0.000
1497934139.8, 52.5452150, 13.3542267, 55.4, -0.000, 0.000, 0.000
1497934140.8, 52.5452150, 13.3542267, 55.4, 0.000, 0.000, 0.000
1497934142.8, 52.5452150, 13.3542267, 55.4, 0.000, 0.000, 0.000
1497934143.9, 52.5452150, 13.3542267, 55.4, 0.000, -0.000, 0.000
1497934144.9, 52.5452150, 13.3542267, 55.4, -0.000, 0.000, 0.000
1497934145.9, 52.5452150, 13.3542267, 55.4, 0.000, -0.000, 0.000
1497934147.9, 52.5452150, 13.3542267, 55.4, -0.000, 0.000, 0.000
1497934148.9, 52.5452150, 13.3542267, 55.4, -0.000, -0.000, 0.000
1497934149.9, 52.5452150, 13.3542267, 55.4, 0.000, -0.000, 0.000
1497934150.9, 52.5452150, 13.3542267, 55.4, -0.000, -0.000, 0.000
1497934152.9, 52.5452150, 13.3542267, 55.4, -0.000, 0.000, 0.000
1497934153.9, 52.5452150, 13.3542267, 55.4, 0.000, -0.000, 0.000
1497934154.9, 52.5452150, 13.3542267, 55.4, -0.000, 0.000, 0.000
1497934155.9, 52.5452150, 13.3542267, 55.4, -0.000, 0.000, 0.000
1497934157.9, 52.5452150, 13.3542267, 55.4, 0.000, 0.000, 0.000
1497934158.9, 52.5452150, 13.3542267, 55.4, -0.000, 0.000, 0.000
1497934159.9, 52.5452150, 13.3542267, 55.4, 0.000, 0.000, 0.000
1497934160.9, 52.5452150, 13.3542267, 55.4, 0.000, 0.000, 0.000
1497934162.9, 52.5452150, 13.3542267, 55.5, 0.000, -0.000, 0.000
1497934163.9, 52.5452150, 13.3542267, 55.5, -0.000, -0.000, 0.000
1497934164.9, 52.5452150, 13.3542267, 55.5, -0.000, -0.000, 0.000
1497934165.9, 52.5452150, 13.3542267, 55.5, 0.000, -0.000, 0.000
1497934167.9, 52.5452150, 13.3542267, 55.4, -0.000, 0.000, 0.000
1497934168.9, 52.5452150, 13.3542267, 55.4, 0.000, -0.000, 0.000
1497934170.0, 52.5452150, 13.3542267, 55.4, -0.000, 0.000, 0.000
1497934171.0, 52.5452150, 13.3542267, 55.4, 0.000, -0.000, 0.000
1497934172.0, 52.5452150, 13.3542267, 55.4, 0.000, 0.000, 0.000
1497934173.0, 52.5452150, 13.3542267, 55.4, 0.000, -0.000, 0.000
1497934174.0, 52.5452150, 13.3542267, 55.4, -0.000, -0.000, 0.000
1497934175.0, 52.5452150, 13.3542267, 55.4, -0.000, -0.000, 0.000
1497934176.0, 52.5452150, 13.3542267, 55.4, -0.000, -0.000, 0.000
1497934177.0, 52.5452150, 13.3542267, 55.4, 0.000, 0.000, 0.000
1497934178.0, 52.5452150, 13.3542267, 55.4, -0.000, -0.000, 0.000
1497934179.0, 52.5452150, 13.3542267, 55.4, -0.000, 0.000, 0.000
1497934180.0, 52.5452150, 13.3542267, 55.4, 0.000, 0.000, 0.000
1497934181.0, 52.5452150, 13.3542267, 55.4, -0.000, 0.000, 0.000
1497934182.0, 52.5452150, 13.3542267, 55.4, 0.000, 0.000, 0.000
1497934183.0, 52.5452150, 13.3542267, 55.4, 0.000, 0.000, 0.000
1497934184.0, 52.5452150, 13.3542267, 55.4, -0.000, 0.000, 0.000
1497934185.0, 52.5452150, 13.3542267, 55.4, -0.000, 0.000, 0.000
1497934186.0, 52.5452150, 13.3542267, 55.4, 0.000, -0.000, 0.000
1497934187.0, 52.5452150, 13.3542267, 55.4, 0.000, -0.000, 0.000
1497934188.0, 52.5452150, 13.3542267, 55.4, -0.000, -0.000, 0.000
1497934189.0, 52.5452150, 13.3542267, 55.4, -0.000, -0.000, 0.000
1497934190.0, 52.5452150, 13.3542267, 55.4, -0.000, -0.000, 0.000
1497934191.0, 52.5452150, 13.3542267, 55.4, 0.000, -0.000, 0.000
1497934192.0, 52.5452150, 13.3542267, 55.4, -0.000, -0.000, 0.000
1497934193.0, 52.5452150, 13.3542267, 55.4, 0.000, 0.000, 0.000
1497934194.0, 52.5452150, 13.3542267, 55.4, -0.000, 0.000, 0.000
1497934195.1, 52.5452150, 13.3542267, 55.4, 0.000, 0.000, 0.000
1497934196.1, 52.5452150, 13.3542267, 55.4, 0.000, 0.000, 0.000
1497934197.1, 52.5452150, 13.3542267, 55.4, -0.000, 0.000, 0.000
1497934198.1, 52.5452150, 13.3542267, 55.4, -0.000, -0.000, 0.000
1497934199.1, 52.5452150, 13.3542267, 55.5, 0.000, -0.000, 0.100
1497934200.1, 52.5452150, 13.3542267, 55.5, -0.000, -0.000, 0.000
1497934201.1, 52.5452150, 13.3542267, 55.4, -0.000, -0.000, -0.100
1497934202.1, 52.5452150, 13.3542267, 55.4, 0.000, 0.000, 0.000
1497934203.1, 52.5452150, 13.3542267, 55.4, -0.000, 0.000, 0.000
1497934204.1, 52.5452150, 13.3542267, 55.4, 0.000, 0.000, 0.000
1497934205.1, 52.5452150, 13.3542267, 55.4, -0.000, -0.000, 0.000
1497934206.1, 52.5452150, 13.3542267, 55.4, 0.000, -0.000, 0.000
1497934207.1, 52.5452150, 13.3542267, 55.4, -0.000, -0.000, 0.000
1497934208.1, 52.5452150, 13.3542267, 55.4, -0.000, -0.000, 0.000
1497934209.1, 52.5452150, 13.3542267, 55.4, 0.000, -0.000, 0.000
1497934210.1, 52.5452150, 13.3542267, 55.4, -0.000, 0.000, 0.000
1497934211.1, 52.5452150, 13.3542267, 55.4, -0.000, 0.000, 0.000
1497934212.1, 52.5452150, 13.3542267, 55.4, -0.000, -0.000, 0.000
1497934213.1, 52.5452150, 13.3542267, 55.4, 0.000, 0.000, 0.000
1497934214.1, 52.5452150, 13.3542267, 55.4, -0.000, 0.000, 0.000
1497934215.1, 52.5452150, 13.3542267, 55.4, -0.000, -0.000, 0.000
1497934216.1, 52.5452150, 13.3542267, 55.4, 0.000, -0.000, 0.000
1497934217.1, 52.5452150, 13.3542267, 55.4, -0.000, -0.000, 0.000
1497934218.2, 52.5452150, 13.3542267, 55.4, 0.000, -0.000, 0.000
1497934219.2, 52.5452150, 13.3542267, 55.4, -0.000, -0.000, 0.000
1497934220.2, 52.5452150, 13.3542267, 55.4, -0.000, -0.000, 0.000
1497934221.2, 52.5452150, 13.3542267, 55.4, 0.000, -0.000, 0.000
1497934222.2, 52.5452150, 13.3542267, 55.4, 0.000, 0.000, 0.000
1497934223.2, 52.5452150, 13.3542267, 55.4, -0.000, 0.000, 0.000
1497934224.2, 52.5452150, 13.3542267, 55.4, 0.000, -0.000, 0.000
1497934225.2, 52.5452150, 13.3542267, 55.4, -0.000, 0.000, 0.000
1497934226.2, 52.5452150, 13.3542267, 55.4, 0.000, 0.000, 0.000
1497934227.2, 52.5452150, 13.3542267, 55.4, -0.000, -0.000, 0.000
1497934228.2, 52.5452150, 13.3542267, 55.4, 0.000, 0.000, 0.000
1497934229.2, 52.5452150, 13.3542267, 55.4, 0.000, 0.000, 0.000
1497934230.2, 52.5452150, 13.3542267, 55.4, -0.000, 0.000, 0.000
1497934231.2, 52.5452150, 13.3542267, 55.4, 0.000, -0.000, 0.000
1497934232.2, 52.5452150, 13.3542267, 55.4, -0.000, -0.000, 0.000
1497934233.2, 52.5452150, 13.3542267, 55.4, -0.000, 0.000, 0.000
1497934234.2, 52.5452150, 13.3542267, 55.4, -0.000, 0.000, 0.000
1497934235.2, 52.5452150, 13.3542267, 55.4, 0.000, 0.000, 0.000
1497934236.2, 52.5452150, 13.3542267, 55.4, -0.000, 0.000, 0.000
1497934237.2, 52.5452150, 13.3542267, 55.4, 0.000, 0.000, 0.000
1497934238.2, 52.5452150, 13.3542267, 55.4, 0.000, 0.000, 0.000
1497934239.2, 52.5452150, 13.3542267, 55.4, 0.000, 0.000, 0.000
1497934240.2, 52.5452150, 13.3542267, 55.5, -0.000, 0.000, 0.100
1497934241.2, 52.5452150, 13.3542267, 55.5, -0.000, 0.000, 0.000
1497934242.3, 52.5452150, 13.3542267, 55.5, -0.000, -0.000, 0.000
1497934243.3, 52.5452150, 13.3542267, 55.5, -0.000, -0.000, 0.000
1497934244.3, 52.5452150, 13.3542267, 55.5, -0.000, 0.000, 0.000
1497934245.3, 52.5452150, 13.3542267, 55.5, 0.000, 0.000, 0.000
1497934246.3, 52.5452150, 13.3542267, 55.5, -0.000, 0.000, 0.000
1497934247.3, 52.5452150, 13.3542267, 55.5, -0.000, 0.000, 0.000
1497934248.3, 52.5452150, 13.3542267, 55.5, 0.000, 0.000, 0.000
1497934249.3, 52.5452150, 13.3542267, 55.5, -0.000, 0.000, 0.000
1497934250.3, 52.5452150, 13.3542267, 55.5, 0.000, -0.000, 0.000
1497934251.3, 52.5452150, 13.3542267, 55.5, -0.000, 0.000, 0.000
1497934252.3, 52.5452150, 13.3542267, 55.5, -0.000, 0.000, 0.000
1497934253.3, 52.5452150, 13.3542267, 55.5, 0.000, 0.000, 0.000
1497934254.3, 52.5452150, 13.3542267, 55.5, 0.000, 0.000, 0.000
1497934255.3, 52.5452150, 13.3542267, 55.5, -0.000, 0.000, 0.000
1497934256.3, 52.5452150, 13.3542267, 55.5, 0.000, 0.000, 0.000
1497934257.3, 52.5452150, 13.3542267, 55.5, -0.000, -0.000, 0.000
1497934258.3, 52.5452150, 13.3542267, 55.5, 0.000, 0.000, 0.000
1497934259.3, 52.5452150, 13.3542267, 55.5, -0.000, 0.000, 0.000
1497934260.3, 52.5452150, 13.3542267, 55.5, -0.000, 0.000, 0.000
1497934261.3, 52.5452150, 13.3542267, 55.5, -0.000, -0.000, 0.000
1497934262.3, 52.5452150, 13.3542267, 55.5, 0.000, -0.000, 0.000
1497934263.3, 52.5452150, 13.3542267, 55.5, 0.000, 0.000, 0.000
1497934264.3, 52.5452150, 13.3542267, 55.5, -0.000, -0.000, 0.000
1497934265.3, 52.5452150, 13.3542267, 55.5, -0.000, -0.000, 0.000
1497934266.3, 52.5452150, 13.3542267, 55.5, 0.000, -0.000, 0.000
1497934267.4, 52.5452150, 13.3542267, 55.5, -0.000, -0.000, 0.000
1497934268.4, 52.5452150, 13.3542267, 55.5, 0.000, -0.000, 0.000
1497934269.4, 52.5452150, 13.3542267, 55.5, -0.000, -0.000, 0.000
1497934270.4, 52.5452150, 13.3542267, 55.5, 0.000, 0.000, 0.000
1497934271.4, 52.5452150, 13.3542267, 55.5, 0.000, 0.000, 0.000
1497934272.4, 52.5452150, 13.3542267, 55.5, -0.000, 0.000, 0.000
1497934273.4, 52.5452150, 13.3542267, 55.5, 0.000, 0.000, 0.000
1497934274.4, 52.5452150, 13.3542267, 55.5, -0.000, 0.000, 0.000
1497934275.4, 52.5452150, 13.3542267, 55.5, 0.000, 0.000, 0.000
1497934276.4, 52.5452150, 13.3542267, 55.5, -0.000, -0.000, 0.000
1497934277.4, 52.5452150, 13.3542267, 55.5, -0.000, -0.000, 0.000
1497934278.4, 52.5452150, 13.3542267, 55.5, -0.000, -0.000, 0.000
1497934279.4, 52.5452150, 13.3542267, 55.5, -0.000, -0.000, 0.000
1497934280.4, 52.5452150, 13.3542267, 55.5, 0.000, -0.000, 0.000
1497934281.4, 52.5452150, 13.3542267, 55.5, -0.000, -0.000, 0.000
1497934282.4, 52.5452150, 13.3542267, 55.5, 0.000, -0.000, 0.000
1497934283.4, 52.5452150, 13.3542267, 55.5, -0.000, 0.000, 0.000
1497934284.4, 52.5452150, 13.3542267, 55.5, 0.000, 0.000, 0.000
1497934285.4, 52.5452150, 13.3542267, 55.5, -0.000, 0.000, 0.000
1497934286.4, 52.5452150, 13.3542267, 55.5, -0.000, 0.000, 0.000
1497934287.4, 52.5452150, 13.3542267, 55.5, 0.000, -0.000, 0.000
1497934288.4, 52.5452150, 13.3542267, 55.5, -0.000, 0.000, 0.000
1497934289.4, 52.5452150, 13.3542267, 55.5, -0.000, 0.000, 0.000
1497934290.4, 52.5452150, 13.3542267, 55.5, 0.000, -0.000, 0.000
1497934291.4, 52.5452150, 13.3542267, 55.5, -0.000, 0.000, 0.000
1497934292.5, 52.5452150, 13.3542267, 55.4, 0.000, -0.000, -0.100
1497934293.5, 52.5452150, 13.3542267, 55.4, 0.000, 0.000, 0.000
1497934294.5, 52.5452150, 13.3542267, 55.4, -0.000, -0.000, 0.000
1497934295.5, 52.5452150, 13.3542267, 55.4, -0.000, 0.000, 0.000
1497934296.5, 52.5452150, 13.3542267, 55.4, -0.000, 0.000, 0.000
1497934297.5, 52.5452150, 13.3542267, 55.4, 0.000, 0.000, 0.000
1497934298.5, 52.5452150, 13.3542267, 55.4, -0.000, 0.000, 0.000
1497934299.5, 52.5452150, 13.3542267, 55.4, -0.000, 0.000, 0.000
1497934300.5, 52.5452150, 13.3542267, 55.4, 0.000, 0.000, 0.000
1497934301.5, 52.5452150, 13.3542267, 55.4, 0.000, -0.000, 0.000
1497934302.5, 52.5452150, 13.3542267, 55.4, -0.000, -0.000, 0.000
1497934303.5, 52.5452150, 13.3542267, 55.4, -0.000, -0.000, 0.000
1497934304.5, 52.5452150, 13.3542267, 55.4, 0.000, -0.000, 0.000
1497934305.5, 52.5452150, 13.3542267, 55.4, -0.000, 0.000, 0.000
1497934306.5, 52.5452150, 13.3542267, 55.4, -0.000, 0.000, 0.000
1497934307.5, 52.5452150, 13.3542267, 55.4, 0.000, 0.000, 0.000
1497934308.5, 52.5452150, 13.3542267, 55.4, -0.000, 0.000, 0.000
1497934309.5, 52.5452150, 13.3542267, 55.4, -0.000, 0.000, 0.000
1497934310.5, 52.5452150, 13.3542267, 55.4, 0.000, 0.000, 0.000
1497934311.5, 52.5452150, 13.3542267, 55.4, -0.000, 0.000, 0.000
1497934312.5, 52.5452150, 13.3542267, 55.4, -0.000, 0.000, 0.000
1497934313.5, 52.5452150, 13.3542267, 55.4, 0.000, -0.000, 0.000
1497934314.5, 52.5452150, 13.3542267, 55.4, -0.000, -0.000, 0.000
1497934315.5, 52.5452150, 13.3542267, 55.4, 0.000, -0.000, 0.000
1497934316.5, 52.5452150, 13.3542267, 55.4, 0.000, -0.000, 0.000
1497934317.6, 52.5452150, 13.3542267, 55.4, -0.000, 0.000, 0.000
1497934318.6, 52.5452150, 13.3542267, 55.4, 0.000, -0.000, 0.000
1497934319.6, 52.5452150, 13.3542267, 55.4, -0.000, 0.000, 0.000
1497934320.6, 52.5452150, 13.3542267, 55.4, -0.000, 0.000, 0.000
1497934321.6, 52.5452150, 13.3542267, 55.4, -0.000, 0.000, 0.000
1497934322.6, 52.5452150, 13.3542267, 55.4, 0.000, 0.000, 0.000
1497934323.6, 52.5452150, 13.3542267, 55.4, -0.000, 0.000, 0.000
1497934325.6, 52.5452150, 13.3542267, 55.4, -0.000, -0.000, 0.000
1497934328.6, 52.5452150, 13.3542267, 55.4, 0.000, -0.000, 0.000
1497934329.6, 52.5452150, 13.3542267, 55.4, -0.000, -0.000, 0.000
1497934331.6, 52.5452150, 13.3542267, 55.4, -0.000, -0.000, 0.000
1497934334.6, 52.5452150, 13.3542267, 55.4, 0.000, -0.000, 0.000
1497934357.7, 52.5452150, 13.3542267, 55.4, 0.000, 0.000, 0.000
1497934359.7, 52.5452150, 13.3542267, 55.4, 0.000, -0.000, 0.000
1497934363.7, 52.5452150, 13.3542267, 55.4, 0.000, 0.000, 0.000
1497934364.7, 52.5452150, 13.3542267, 55.3, -0.000, 0.000, -0.100
1497934368.7, 52.5452150, 13.3542283, 55.3, 0.000, 0.000, 0.000
1497934369.8, 52.5452150, 13.3542283, 55.3, 0.000, -0.000, 0.000
1497934372.8, 52.5452150, 13.3542283, 55.3, -0.000, -0.000, 0.000
1497934373.8, 52.5452150, 13.3542267, 55.3, -0.000, -0.000, 0.000
1497934374.8, 52.5452150, 13.3542267, 55.3, 0.000, 0.000, 0.000
1497934375.8, 52.5452150, 13.3542267, 55.3, -0.000, 0.000, 0.000
1497934377.8, 52.5452150, 13.3542283, 55.3, -0.000, -0.000, 0.000
1497934378.8, 52.5452133, 13.3542083, 54.5, 0.000, -0.000, -0.800
1497934379.8, 52.5452100, 13.3541617, 52.2, -0.000, -0.000, -2.300
1497934380.8, 52.5451967, 13.3541100, 49.5, -0.000, -0.000, -2.700
1497934382.8, 52.5451967, 13.3540933, 45.8, -0.000, -0.000, -1.700
1497934383.8, 52.5451850, 13.3540900, 44.4, -0.000, -0.000, -1.400
1497934384.8, 52.5451867, 13.3541283, 42.7, -0.000, -0.000, -1.700
1497934385.8, 52.5451817, 13.3541417, 41.7, -0.000, 0.000, -1.000
1497934387.8, 52.5451917, 13.3542100, 39.6, 0.000, -0.000, -0.800
1497934388.8, 52.5451933, 13.3542067, 38.8, -0.000, -0.000, -0.800
1497934389.8, 52.5451950, 13.3542033, 39.8, -0.000, -0.000, 1.000
1497934390.8, 52.5451967, 13.3542067, 40.4, -0.000, 0.000, 0.600
1497934392.8, 52.5452000, 13.3542133, 41.3, -0.000, 0.000, 0.400
1497934393.8, 52.5452050, 13.3542167, 41.6, -0.000, -0.000, 0.300
1497934394.8, 52.5452050, 13.3542167, 41.7, -0.000, 0.000, 0.100
1497934395.8, 52.5452117, 13.3542167, 41.5, -0.000, 0.000, -0.200
1497934397.9, 52.5452167, 13.3542150, 41.3, -0.000, 0.000, -0.100
1497934398.9, 52.5452167, 13.3542150, 41.3, -0.000, 0.000, 0.000
1497934399.9, 52.5452167, 13.3542150, 41.3, -0.000, 0.000, 0.000
1497934400.9, 52.5452150, 13.3542183, 41.3, -0.000, -0.000, 0.000
1497934402.9, 52.5452133, 13.3542033, 41.0, -0.000, -0.000, 0.400
1497934403.9, 52.5452333, 13.3542000, 40.6, 0.000, -0.000, -0.400
1497934404.9, 52.5452550, 13.3541783, 42.2, 0.000, -0.000, 1.600
1497934405.9, 52.5452717, 13.3541667, 43.5, 0.000, -0.000, 1.300
1497934407.9, 52.5452683, 13.3542033, 44.5, 0.000, 0.000, 1.300
1497934408.9, 52.5452733, 13.3542167, 45.7, 0.000, 0.000, 1.200
1497934409.9, 52.5452733, 13.3542300, 46.4, 0.000, 0.000, 0.700
1497934410.9, 52.5452833, 13.3542500, 47.0, 0.000, 0.000, 0.600
1497934412.9, 52.5453000, 13.3542833, 47.5, 0.000, 0.000, 0.200
1497934413.9, 52.5453067, 13.3542917, 47.9, 0.000, 0.000, 0.400
1497934414.9, 52.5453133, 13.3543033, 47.9, 0.000, 0.000, 0.000
1497934415.9, 52.5453150, 13.3543100, 47.8, 0.000, 0.000, -0.100
1497934417.9, 52.5453217, 13.3543283, 47.5, 0.000, 0.000, -0.200
1497934418.9, 52.5453250, 13.3543367, 47.5, 0.000, 0.000, 0.000
1497934419.9, 52.5453300, 13.3543467, 47.5, 0.000, 0.000, 0.000
1497934420.9, 52.5453317, 13.3543533, 47.4, 0.000, 0.000, -0.100
1497934423.0, 52.5453400, 13.3543700, 47.3, 0.000, 0.000, 0.000
1497934424.0, 52.5453433, 13.3543767, 47.3, 0.000, 0.000, 0.000
1497934425.0, 52.5453483, 13.3543833, 47.3, 0.000, 0.000, 0.000
1497934426.0, 52.5453517, 13.3543900, 47.2, 0.000, 0.000, -0.100
1497934427.0, 52.5453567, 13.3543983, 47.2, 0.000, 0.000, 0.000
1497934428.0, 52.5453600, 13.3544050, 47.0, 0.000, 0.000, -0.200
1497934429.0, 52.5453650, 13.3544133, 46.9, 0.000, 0.000, -0.100
1497934430.0, 52.5453700, 13.3544233, 46.7, 0.000, 0.000, -0.200
1497934431.0, 52.5453750, 13.3544350, 46.9, 0.000, 0.000, 0.200
1497934432.0, 52.5453800, 13.3544467, 46.9, 0.000, 0.000, 0.000
1497934433.0, 52.5453850, 13.3544550, 46.8, 0.000, 0.000, -0.100
1497934434.0, 52.5453883, 13.3544617, 46.9, 0.000, 0.000, 0.100
1497934435.0, 52.5453917, 13.3544683, 46.9, 0.000, 0.000, 0.000
1497934436.0, 52.5453967, 13.3544767, 46.7, 0.000, 0.000, -0.200
1497934437.0, 52.5454033, 13.3544850, 46.6, 0.000, 0.000, -0.100
1497934438.0, 52.5454083, 13.3544950, 46.6, 0.000, 0.000, 0.000
1497934439.0, 52.5454133, 13.3545000, 46.5, 0.000, 0.000, -0.100
1497934440.0, 52.5454183, 13.3545100, 46.5, 0.000, 0.000, 0.000
1497934441.0, 52.5454217, 13.3545217, 46.4, 0.000, 0.000, -0.100
1497934442.0, 52.5454267, 13.3545300, 46.4, 0.000, 0.000, 0.000
1497934443.0, 52.5454300, 13.3545350, 46.5, 0.000, 0.000, 0.100
1497934444.0, 52.5454350, 13.3545433, 46.6, 0.000, 0.000, 0.100
1497934445.0, 52.5454400, 13.3545500, 46.6, 0.000, 0.000, 0.000
1497934446.0, 52.5454433, 13.3545567, 46.7, 0.000, 0.000, 0.100
1497934447.0, 52.5454483, 13.3545633, 46.8, 0.000, 0.000, 0.100
1497934448.1, 52.5454533, 13.3545700, 46.8, 0.000, 0.000, 0.000
1497934449.1, 52.5454583, 13.3545767, 46.9, 0.000, 0.000, 0.100
1497934450.1, 52.5454650, 13.3545833, 46.9, 0.000, 0.000, 0.000
1497934451.1, 52.5454683, 13.3545917, 46.9, 0.000, 0.000, 0.000
1497934452.1, 52.5454733, 13.3545967, 46.9, 0.000, 0.000, 0.000
1497934453.1, 52.5454767, 13.3546050, 46.9, 0.000, 0.000, 0.000
1497934454.1, 52.5454800, 13.3546117, 47.1, 0.000, 0.000, 0.200
1497934455.1, 52.5454833, 13.3546217, 47.3, 0.000, 0.000, 0.200
1497934456.1, 52.5454850, 13.3546283, 47.1, 0.000, 0.000, -0.200
1497934457.1, 52.5454883, 13.3546350, 46.9, 0.000, 0.000, -0.200
1497934458.1, 52.5454917, 13.3546450, 46.8, 0.000, 0.000, -0.100
1497934459.1, 52.5454933, 13.3546500, 46.8, 0.000, 0.000, 0.000
1497934460.1, 52.5454933, 13.3546550, 46.8, 0.000, 0.000, 0.000
1497934461.1, 52.5454917, 13.3546583, 46.9, -0.000, 0.000, 0.100
1497934462.1, 52.5454917, 13.3546600, 46.9, -0.000, -0.000, 0.000
1497934463.1, 52.5454917, 13.3546583, 46.9, 0.000, 0.000, 0.000
1497934464.1, 52.5454917, 13.3546600, 46.8, 0.000, 0.000, -0.100
1497934465.1, 52.5454933, 13.3546617, 46.8, 0.000, 0.000, 0.000
1497934466.1, 52.5454983, 13.3546733, 46.9, 0.000, 0.000, 0.100
1497934467.1, 52.5455033, 13.3546800, 47.0, 0.000, 0.000, 0.100
1497934468.1, 52.5455083, 13.3546867, 47.0, 0.000, 0.000, 0.000
1497934469.2, 52.5455133, 13.3546933, 47.0, 0.000, 0.000, 0.000
1497934470.2, 52.5455167, 13.3547017, 47.0, 0.000, 0.000, 0.000
1497934471.2, 52.5455217, 13.3547100, 47.0, 0.000, 0.000, 0.000
1497934472.2, 52.5455250, 13.3547150, 46.9, 0.000, 0.000, -0.100
1497934473.2, 52.5455300, 13.3547217, 47.0, 0.000, 0.000, 0.100
1497934474.2, 52.5455350, 13.3547300, 47.0, 0.000, 0.000, 0.000
1497934475.2, 52.5455400, 13.3547367, 47.0, 0.000, 0.000, 0.000
1497934476.2, 52.5455450, 13.3547450, 46.9, 0.000, 0.000, -0.100
1497934477.2, 52.5455483, 13.3547550, 46.8, 0.000, 0.000, -0.100
1497934478.2, 52.5455517, 13.3547633, 46.8, 0.000, 0.000, 0.000
1497934479.2, 52.5455550, 13.3547733, 46.9, 0.000, 0.000, 0.100
1497934480.2, 52.5455600, 13.3547800, 46.9, 0.000, 0.000, 0.000
1497934481.2, 52.5455633, 13.3547883, 46.9, 0.000, 0.000, 0.000
1497934482.2, 52.5455667, 13.3547983, 46.7, 0.000, 0.000, -0.200
1497934483.2, 52.5455717, 13.3548067, 46.7, 0.000, 0.000, 0.000
1497934484.2, 52.5455750, 13.3548150, 46.7, 0.000, 0.000, 0.000
1497934485.2, 52.5455783, 13.3548217, 46.7, 0.000, 0.000, 0.000
1497934486.2, 52.5455833, 13.3548300, 46.6, 0.000, 0.000, -0.100
1497934487.2, 52.5455867, 13.3548400, 46.5, 0.000, 0.000, -0.100
1497934488.2, 52.5455917, 13.3548483, 46.5, 0.000, 0.000, 0.000
1497934489.2, 52.5455967, 13.3548550, 46.4, 0.000, 0.000, -0.100
1497934490.2, 52.5456017, 13.3548617, 46.3, 0.000, 0.000, -0.100
1497934491.2, 52.5456050, 13.3548700, 46.3, 0.000, 0.000, 0.000
1497934492.2, 52.5456100, 13.3548767, 46.2, 0.000, 0.000, -0.100
1497934493.2, 52.5456150, 13.3548867, 46.2, 0.000, 0.000, 0.000
1497934494.2, 52.5456183, 13.3548950, 46.2, 0.000, 0.000, 0.000
1497934495.3, 52.5456233, 13.3549017, 46.2, 0.000, 0.000, 0.000
1497934496.3, 52.5456283, 13.3549100, 46.2, 0.000, 0.000, 0.000
1497934497.3, 52.5456333, 13.3549183, 46.2, 0.000, 0.000, 0.000
1497934498.3, 52.5456383, 13.3549267, 46.2, 0.000, 0.000, 0.000
1497934499.3, 52.5456433, 13.3549367, 46.2, 0.000, 0.000, 0.000
1497934500.3, 52.5456483, 13.3549450, 46.2, 0.000, 0.000, 0.000
1497934501.3, 52.5456517, 13.3549550, 46.2, 0.000, 0.000, 0.000
1497934502.3, 52.5456567, 13.3549633, 46.1, 0.000, 0.000, -0.100
1497934503.3, 52.5456617, 13.3549717, 46.1, 0.000, 0.000, 0.000
1497934504.3, 52.5456667, 13.3549800, 46.2, 0.000, 0.000, 0.100
1497934505.3, 52.5456700, 13.3549883, 46.3, 0.000, 0.000, 0.100
1497934506.3, 52.5456750, 13.3549967, 46.3, 0.000, 0.000, 0.000
1497934507.3, 52.5456783, 13.3550050, 46.3, 0.000, 0.000, 0.000
1497934508.3, 52.5456833, 13.3550133, 46.4, 0.000, 0.000, 0.100
1497934509.3, 52.5456883, 13.3550217, 46.5, 0.000, 0.000, 0.100
1497934510.3, 52.5456917, 13.3550283, 46.5, 0.000, 0.000, 0.000
1497934511.3, 52.5456950, 13.3550367, 46.6, 0.000, 0.000, 0.100
1497934512.3, 52.5456983, 13.3550450, 46.7, 0.000, 0.000, 0.100
1497934513.3, 52.5457017, 13.3550567, 46.9, 0.000, 0.000, 0.200
1497934514.3, 52.5457067, 13.3550633, 47.0, 0.000, 0.000, 0.100
1497934515.3, 52.5457083, 13.3550683, 47.0, 0.000, 0.000, 0.000
1497934516.3, 52.5457117, 13.3550717, 47.1, 0.000, 0.000, 0.100
1497934517.3, 52.5457117, 13.3550767, 47.1, 0.000, 0.000, 0.000
1497934518.3, 52.5457117, 13.3550817, 47.2, -0.000, 0.000, 0.100
1497934519.3, 52.5457117, 13.3550867, 47.1, -0.000, -0.000, -0.100
1497934520.4, 52.5457117, 13.3550867, 47.0, 0.000, -0.000, -0.100
1497934521.4, 52.5457117, 13.3550833, 46.7, 0.000, 0.000, -0.300
1497934522.4, 52.5457133, 13.3550850, 46.5, -0.000, 0.000, -0.200
1497934523.4, 52.5457133, 13.3550867, 46.3, -0.000, 0.000, -0.200
1497934524.4, 52.5457117, 13.3550867, 46.2, -0.000, -0.000, -0.100
1497934525.4, 52.5457117, 13.3550850, 46.1, 0.000, -0.000, -0.100
1497934526.4, 52.5457133, 13.3550850, 46.1, -0.000, 0.000, 0.000
1497934527.4, 52.5457133, 13.3550850, 46.1, 0.000, 0.000, 0.000
1497934528.4, 52.5457133, 13.3550850, 46.1, -0.000, 0.000, 0.000
1497934529.4, 52.5457133, 13.3550850, 46.1, -0.000, 0.000, 0.000
1497934530.4, 52.5457133, 13.3550850, 46.0, -0.000, -0.000, -0.100
1497934531.4, 52.5457117, 13.3550850, 46.1, 0.000, 0.000, 0.100
1497934532.4, 52.5457133, 13.3550850, 46.1, -0.000, -0.000, 0.000
1497934533.4, 52.5457133, 13.3550850, 46.1, 0.000, 0.000, 0.000
1497934534.4, 52.5457133, 13.3550867, 46.1, 0.000, 0.000, 0.000
1497934535.4, 52.5457133, 13.3550883, 46.1, 0.000, 0.000, 0.000
1497934536.4, 52.5457133, 13.3550900, 46.1, 0.000, 0.000, 0.000
1497934537.4, 52.5457133, 13.3550933, 46.1, 0.000, 0.000, 0.000
1497934538.4, 52.5457150, 13.3550950, 46.1, -0.000, 0.000, 0.000
1497934539.4, 52.5457150, 13.3550950, 46.1, 0.000, 0.000, 0.000
1497934540.4, 52.5457150, 13.3550967, 46.1, 0.000, -0.000, 0.000
1497934541.4, 52.5457150, 13.3550967, 46.1, 0.000, -0.000, 0.000
1497934542.4, 52.5457167, 13.3550967, 46.1, -0.000, 0.000, 0.000
1497934543.4, 52.5457150, 13.3550967, 46.1, -0.000, 0.000, 0.000
1497934544.4, 52.5457150, 13.3550983, 46.1, -0.000, 0.000, 0.000
1497934545.5, 52.5457150, 13.3551000, 46.2, -0.000, 0.000, 0.100
1497934546.5, 52.5457150, 13.3551017, 46.2, 0.000, 0.000, 0.000
1497934547.5, 52.5457150, 13.3551017, 46.2, 0.000, 0.000, 0.000
1497934548.5, 52.5457167, 13.3551017, 46.2, -0.000, 0.000, 0.000
1497934549.5, 52.5457167, 13.3551033, 46.2, -0.000, 0.000, 0.000
1497934550.5, 52.5457150, 13.3551033, 46.2, -0.000, 0.000, 0.000
1497934551.5, 52.5457150, 13.3551033, 46.2, -0.000, -0.000, 0.000
1497934552.5, 52.5457150, 13.3551033, 46.2, 0.000, -0.000, 0.000
1497934553.5, 52.5457150, 13.3551017, 46.1, 0.000, -0.000, -0.100
1497934554.5, 52.5457150, 13.3551017, 46.1, 0.000, -0.000, 0.000
1497934555.5, 52.5457150, 13.3551017, 46.1, 0.000, -0.000, 0.000
1497934556.5, 52.5457150, 13.3551000, 46.1, 0.000, -0.000, 0.000
1497934557.5, 52.5457150, 13.3551000, 46.1, 0.000, -0.000, 0.000
1497934558.5, 52.5457150, 13.3551000, 46.2, -0.000, -0.000, 0.100
1497934559.5, 52.5457150, 13.3551000, 46.2, 0.000, 0.000, 0.000
1497934560.5, 52.5457167, 13.3551000, 46.2, 0.000, -0.000, 0.000
1497934561.5, 52.5457167, 13.3551000, 46.2, 0.000, -0.000, 0.000
1497934562.5, 52.5457167, 13.3551000, 46.2, -0.000, 0.000, 0.000
1497934563.5, 52.5457167, 13.3551000, 46.2, -0.000, 0.000, 0.000
1497934564.5, 52.5457167, 13.3551017, 46.2, 0.000, -0.000, 0.000
1497934565.5, 52.5457167, 13.3551017, 46.2, 0.000, 0.000, 0.000
1497934566.5, 52.5457167, 13.3551017, 46.2, -0.000, 0.000, 0.000
1497934567.5, 52.5457167, 13.3551033, 46.2, 0.000, 0.000, 0.000
1497934568.5, 52.5457167, 13.3551033, 46.2, 0.000, -0.000, 0.000
1497934569.6, 52.5457167, 13.3551033, 46.2, 0.000, -0.000, 0.000
1497934570.6, 52.5457183, 13.3551033, 46.2, 0.000, 0.000, 0.000
1497934571.6, 52.5457200, 13.3551033, 46.2, 0.000, 0.000, 0.000
1497934572.6, 52.5457200, 13.3551050, 46.2, -0.000, 0.000, 0.000
1497934573.6, 52.5457150, 13.3551150, 46.4, -0.000, 0.000, 0.200
1497934574.6, 52.5457100, 13.3551233, 46.6, -0.000, 0.000, 0.200
1497934575.6, 52.5457083, 13.3551283, 46.7, -0.000, 0.000, 0.100
1497934576.6, 52.5457083, 13.3551383, 46.7, -0.000, 0.000, 0.000
1497934577.6, 52.5457100, 13.3551450, 46.7, -0.000, 0.000, 0.000
1497934578.6, 52.5457100, 13.3551583, 46.8, -0.000, 0.000, 0.100
1497934579.6, 52.5457117, 13.3551667, 46.8, -0.000, 0.000, 0.000
1497934580.6, 52.5457133, 13.3551750, 46.7, -0.000, 0.000, -0.100